ip_address,severity,detection_time,country,source
91.210.0.1,4,2022-02-01T00:00:00Z,UK,Provider B
91.210.0.2,1,2021-05-29T00:00:00Z,India,Provider B
91.210.0.3,3,2022-09-24T00:00:00Z,China,Provider B
91.210.0.4,3,2025-01-28T00:00:00Z,UK,Provider B
91.210.0.5,2,2021-11-08T00:00:00Z,India,Provider B
91.210.0.6,4,2020-01-15T00:00:00Z,India,Provider B
91.210.0.7,1,2025-06-09T00:00:00Z,UK,Provider B
91.210.0.8,2,2025-09-17T00:00:00Z,India,Provider B
91.210.0.9,1,2019-01-22T00:00:00Z,USA,Provider B
91.210.0.10,3,2022-07-10T00:00:00Z,USA,Provider B
91.210.0.11,1,2023-08-01T00:00:00Z,China,Provider B
91.210.0.12,3,2023-04-09T00:00:00Z,USA,Provider B
91.210.0.13,4,2021-10-15T00:00:00Z,China,Provider B
91.210.0.14,2,2024-08-05T00:00:00Z,UK,Provider B
91.210.0.15,1,2024-03-09T00:00:00Z,China,Provider B
91.210.0.16,5,2021-05-26T00:00:00Z,India,Provider B
91.210.0.17,2,2025-09-08T00:00:00Z,UK,Provider B
91.210.0.18,1,2023-10-15T00:00:00Z,UK,Provider B
91.210.0.19,3,2024-07-26T00:00:00Z,China,Provider B
91.210.0.20,4,2022-11-24T00:00:00Z,USA,Provider B
91.210.0.21,3,2022-12-15T00:00:00Z,USA,Provider B
91.210.0.22,2,2022-12-03T00:00:00Z,China,Provider B
91.210.0.23,2,2020-03-04T00:00:00Z,China,Provider B
91.210.0.24,2,2019-10-07T00:00:00Z,India,Provider B
91.210.0.25,1,2024-04-01T00:00:00Z,China,Provider B
91.210.0.26,3,2023-12-13T00:00:00Z,USA,Provider B
91.210.0.27,1,2024-11-03T00:00:00Z,China,Provider B
91.210.0.28,5,2019-08-08T00:00:00Z,China,Provider B
91.210.0.29,5,2022-06-28T00:00:00Z,China,Provider B
91.210.0.30,2,2022-10-24T00:00:00Z,India,Provider B
91.210.0.31,5,2022-05-09T00:00:00Z,India,Provider B
91.210.0.32,1,2024-03-11T00:00:00Z,USA,Provider B
91.210.0.33,3,2021-02-13T00:00:00Z,India,Provider B
91.210.0.34,2,2024-06-03T00:00:00Z,UK,Provider B
91.210.0.35,2,2019-10-05T00:00:00Z,China,Provider B
91.210.0.36,2,2021-03-27T00:00:00Z,India,Provider B
91.210.0.37,4,2023-07-15T00:00:00Z,UK,Provider B
91.210.0.38,5,2025-10-16T00:00:00Z,USA,Provider B
91.210.0.39,1,2025-09-26T00:00:00Z,UK,Provider B
91.210.0.40,2,2024-11-01T00:00:00Z,India,Provider B
91.210.0.41,3,2022-02-05T00:00:00Z,USA,Provider B
91.210.0.42,1,2019-04-17T00:00:00Z,India,Provider B
91.210.0.43,3,2022-12-14T00:00:00Z,UK,Provider B
91.210.0.44,1,2024-03-13T00:00:00Z,UK,Provider B
91.210.0.45,1,2020-02-27T00:00:00Z,USA,Provider B
91.210.0.46,4,2020-08-05T00:00:00Z,China,Provider B
91.210.0.47,5,2023-11-25T00:00:00Z,UK,Provider B
91.210.0.48,3,2020-12-01T00:00:00Z,USA,Provider B
91.210.0.49,2,2025-10-07T00:00:00Z,China,Provider B
91.210.0.50,2,2020-08-18T00:00:00Z,UK,Provider B
91.210.0.51,4,2020-04-01T00:00:00Z,UK,Provider B
91.210.0.52,5,2025-10-03T00:00:00Z,China,Provider B
91.210.0.53,3,2021-06-24T00:00:00Z,India,Provider B
91.210.0.54,2,2023-03-16T00:00:00Z,China,Provider B
91.210.0.55,2,2022-03-02T00:00:00Z,UK,Provider B
91.210.0.56,5,2021-08-05T00:00:00Z,India,Provider B
91.210.0.57,2,2021-05-02T00:00:00Z,UK,Provider B
91.210.0.58,5,2021-06-28T00:00:00Z,UK,Provider B
91.210.0.59,3,2019-03-29T00:00:00Z,India,Provider B
91.210.0.60,5,2025-02-22T00:00:00Z,USA,Provider B
91.210.0.61,4,2023-03-27T00:00:00Z,India,Provider B
91.210.0.62,1,2021-03-21T00:00:00Z,UK,Provider B
91.210.0.63,5,2020-07-26T00:00:00Z,USA,Provider B
91.210.0.64,5,2021-06-16T00:00:00Z,China,Provider B
91.210.0.65,5,2025-08-13T00:00:00Z,India,Provider B
91.210.0.66,5,2020-07-22T00:00:00Z,India,Provider B
91.210.0.67,2,2021-01-08T00:00:00Z,UK,Provider B
91.210.0.68,2,2025-08-22T00:00:00Z,India,Provider B
91.210.0.69,3,2020-03-30T00:00:00Z,India,Provider B
91.210.0.70,5,2024-02-21T00:00:00Z,UK,Provider B
91.210.0.71,3,2022-11-08T00:00:00Z,China,Provider B
91.210.0.72,3,2025-05-12T00:00:00Z,China,Provider B
91.210.0.73,2,2024-11-06T00:00:00Z,UK,Provider B
91.210.0.74,5,2019-09-22T00:00:00Z,India,Provider B
91.210.0.75,3,2024-01-13T00:00:00Z,UK,Provider B
91.210.0.76,5,2024-11-13T00:00:00Z,China,Provider B
91.210.0.77,2,2024-12-23T00:00:00Z,China,Provider B
91.210.0.78,1,2022-08-16T00:00:00Z,India,Provider B
91.210.0.79,4,2021-05-08T00:00:00Z,UK,Provider B
91.210.0.80,3,2024-11-02T00:00:00Z,China,Provider B
91.210.0.81,3,2020-05-21T00:00:00Z,India,Provider B
91.210.0.82,2,2025-02-10T00:00:00Z,China,Provider B
91.210.0.83,4,2021-07-11T00:00:00Z,India,Provider B
91.210.0.84,1,2022-01-10T00:00:00Z,USA,Provider B
91.210.0.85,4,2019-06-05T00:00:00Z,China,Provider B
91.210.0.86,2,2025-03-18T00:00:00Z,India,Provider B
91.210.0.87,3,2024-10-16T00:00:00Z,UK,Provider B
91.210.0.88,1,2024-07-27T00:00:00Z,UK,Provider B
91.210.0.89,4,2022-05-08T00:00:00Z,India,Provider B
91.210.0.90,4,2023-09-19T00:00:00Z,China,Provider B
91.210.0.91,2,2021-11-02T00:00:00Z,India,Provider B
91.210.0.92,5,2025-03-05T00:00:00Z,India,Provider B
91.210.0.93,5,2022-07-25T00:00:00Z,USA,Provider B
91.210.0.94,5,2025-08-25T00:00:00Z,USA,Provider B
91.210.0.95,5,2019-05-17T00:00:00Z,USA,Provider B
91.210.0.96,3,2021-09-02T00:00:00Z,India,Provider B
91.210.0.97,3,2022-07-16T00:00:00Z,China,Provider B
91.210.0.98,5,2024-04-26T00:00:00Z,UK,Provider B
91.210.0.99,2,2019-11-06T00:00:00Z,USA,Provider B
91.210.0.100,5,2022-01-17T00:00:00Z,India,Provider B
91.210.0.101,3,2025-04-24T00:00:00Z,India,Provider B
91.210.0.102,1,2023-12-09T00:00:00Z,India,Provider B
91.210.0.103,5,2021-12-02T00:00:00Z,UK,Provider B
91.210.0.104,5,2025-04-18T00:00:00Z,China,Provider B
91.210.0.105,3,2019-08-01T00:00:00Z,UK,Provider B
91.210.0.106,4,2022-04-05T00:00:00Z,China,Provider B
91.210.0.107,2,2020-07-15T00:00:00Z,China,Provider B
91.210.0.108,3,2019-10-09T00:00:00Z,USA,Provider B
91.210.0.109,4,2019-03-15T00:00:00Z,China,Provider B
91.210.0.110,3,2024-04-28T00:00:00Z,UK,Provider B
91.210.0.111,1,2022-07-14T00:00:00Z,China,Provider B
91.210.0.112,2,2023-02-08T00:00:00Z,China,Provider B
91.210.0.113,3,2021-03-05T00:00:00Z,India,Provider B
91.210.0.114,5,2024-12-27T00:00:00Z,China,Provider B
91.210.0.115,3,2024-04-16T00:00:00Z,China,Provider B
91.210.0.116,1,2023-07-30T00:00:00Z,USA,Provider B
91.210.0.117,5,2021-10-23T00:00:00Z,UK,Provider B
91.210.0.118,2,2024-12-08T00:00:00Z,UK,Provider B
91.210.0.119,1,2024-11-20T00:00:00Z,China,Provider B
91.210.0.120,5,2022-04-25T00:00:00Z,USA,Provider B
91.210.0.121,4,2020-05-04T00:00:00Z,India,Provider B
91.210.0.122,3,2020-08-23T00:00:00Z,USA,Provider B
91.210.0.123,3,2019-03-06T00:00:00Z,UK,Provider B
91.210.0.124,1,2020-06-08T00:00:00Z,China,Provider B
91.210.0.125,1,2025-03-17T00:00:00Z,China,Provider B
91.210.0.126,5,2022-11-28T00:00:00Z,India,Provider B
91.210.0.127,2,2022-02-24T00:00:00Z,UK,Provider B
91.210.0.128,2,2022-08-20T00:00:00Z,China,Provider B
91.210.0.129,1,2024-11-11T00:00:00Z,India,Provider B
91.210.0.130,2,2022-05-14T00:00:00Z,India,Provider B
91.210.0.131,2,2022-06-19T00:00:00Z,India,Provider B
91.210.0.132,1,2024-01-17T00:00:00Z,China,Provider B
91.210.0.133,1,2023-09-21T00:00:00Z,India,Provider B
91.210.0.134,4,2022-07-06T00:00:00Z,India,Provider B
91.210.0.135,4,2025-10-14T00:00:00Z,India,Provider B
91.210.0.136,1,2022-02-08T00:00:00Z,USA,Provider B
91.210.0.137,1,2024-10-25T00:00:00Z,UK,Provider B
91.210.0.138,1,2021-09-03T00:00:00Z,USA,Provider B
91.210.0.139,2,2022-02-03T00:00:00Z,India,Provider B
91.210.0.140,3,2021-05-04T00:00:00Z,UK,Provider B
91.210.0.141,4,2022-05-04T00:00:00Z,UK,Provider B
91.210.0.142,3,2019-09-28T00:00:00Z,India,Provider B
91.210.0.143,1,2024-03-30T00:00:00Z,UK,Provider B
91.210.0.144,1,2021-11-03T00:00:00Z,China,Provider B
91.210.0.145,3,2019-10-04T00:00:00Z,UK,Provider B
91.210.0.146,5,2022-06-10T00:00:00Z,UK,Provider B
91.210.0.147,5,2022-06-21T00:00:00Z,USA,Provider B
91.210.0.148,3,2024-07-25T00:00:00Z,India,Provider B
91.210.0.149,5,2024-05-13T00:00:00Z,USA,Provider B
91.210.0.150,5,2022-07-03T00:00:00Z,USA,Provider B
91.210.0.151,3,2022-02-15T00:00:00Z,USA,Provider B
91.210.0.152,1,2025-03-01T00:00:00Z,USA,Provider B
91.210.0.153,5,2022-05-01T00:00:00Z,USA,Provider B
91.210.0.154,5,2021-03-05T00:00:00Z,India,Provider B
91.210.0.155,4,2024-06-18T00:00:00Z,China,Provider B
91.210.0.156,5,2024-11-22T00:00:00Z,China,Provider B
91.210.0.157,2,2021-08-28T00:00:00Z,India,Provider B
91.210.0.158,1,2021-08-02T00:00:00Z,USA,Provider B
91.210.0.159,1,2019-08-28T00:00:00Z,India,Provider B
91.210.0.160,1,2020-08-23T00:00:00Z,China,Provider B
91.210.0.161,3,2022-03-28T00:00:00Z,China,Provider B
91.210.0.162,2,2021-10-07T00:00:00Z,USA,Provider B
91.210.0.163,1,2022-02-18T00:00:00Z,China,Provider B
91.210.0.164,2,2022-03-23T00:00:00Z,India,Provider B
91.210.0.165,2,2023-07-25T00:00:00Z,UK,Provider B
91.210.0.166,2,2025-09-17T00:00:00Z,USA,Provider B
91.210.0.167,4,2021-02-13T00:00:00Z,USA,Provider B
91.210.0.168,1,2019-10-04T00:00:00Z,China,Provider B
91.210.0.169,1,2023-07-16T00:00:00Z,India,Provider B
91.210.0.170,2,2022-12-17T00:00:00Z,USA,Provider B
91.210.0.171,4,2025-02-23T00:00:00Z,USA,Provider B
91.210.0.172,2,2020-04-09T00:00:00Z,UK,Provider B
91.210.0.173,3,2023-08-30T00:00:00Z,UK,Provider B
91.210.0.174,5,2024-08-06T00:00:00Z,UK,Provider B
91.210.0.175,4,2024-09-06T00:00:00Z,China,Provider B
91.210.0.176,5,2019-03-01T00:00:00Z,USA,Provider B
91.210.0.177,5,2023-04-08T00:00:00Z,India,Provider B
91.210.0.178,4,2023-06-17T00:00:00Z,China,Provider B
91.210.0.179,4,2025-07-28T00:00:00Z,USA,Provider B
91.210.0.180,3,2022-07-01T00:00:00Z,India,Provider B
91.210.0.181,4,2025-04-21T00:00:00Z,USA,Provider B
91.210.0.182,1,2025-09-18T00:00:00Z,China,Provider B
91.210.0.183,3,2025-08-14T00:00:00Z,UK,Provider B
91.210.0.184,5,2019-10-07T00:00:00Z,India,Provider B
91.210.0.185,3,2022-08-04T00:00:00Z,India,Provider B
91.210.0.186,5,2022-02-04T00:00:00Z,China,Provider B
91.210.0.187,2,2022-11-18T00:00:00Z,China,Provider B
91.210.0.188,4,2023-02-19T00:00:00Z,UK,Provider B
91.210.0.189,4,2021-07-04T00:00:00Z,UK,Provider B
91.210.0.190,1,2019-03-20T00:00:00Z,UK,Provider B
91.210.0.191,5,2023-11-19T00:00:00Z,China,Provider B
91.210.0.192,1,2022-03-27T00:00:00Z,China,Provider B
91.210.0.193,5,2019-10-04T00:00:00Z,India,Provider B
91.210.0.194,4,2021-08-14T00:00:00Z,India,Provider B
91.210.0.195,1,2025-10-09T00:00:00Z,China,Provider B
91.210.0.196,5,2021-02-16T00:00:00Z,USA,Provider B
91.210.0.197,5,2022-06-10T00:00:00Z,USA,Provider B
91.210.0.198,2,2024-06-18T00:00:00Z,India,Provider B
91.210.0.199,1,2022-06-12T00:00:00Z,USA,Provider B
91.210.0.200,5,2023-06-27T00:00:00Z,India,Provider B
91.210.0.201,1,2023-10-14T00:00:00Z,China,Provider B
91.210.0.202,4,2020-09-19T00:00:00Z,India,Provider B
91.210.0.203,4,2021-10-28T00:00:00Z,USA,Provider B
91.210.0.204,5,2024-04-28T00:00:00Z,USA,Provider B
91.210.0.205,5,2020-02-26T00:00:00Z,India,Provider B
91.210.0.206,1,2024-03-18T00:00:00Z,India,Provider B
91.210.0.207,4,2019-09-16T00:00:00Z,China,Provider B
91.210.0.208,5,2021-01-15T00:00:00Z,China,Provider B
91.210.0.209,1,2022-01-12T00:00:00Z,China,Provider B
91.210.0.210,2,2024-03-01T00:00:00Z,India,Provider B
91.210.0.211,5,2020-06-06T00:00:00Z,India,Provider B
91.210.0.212,1,2023-02-06T00:00:00Z,USA,Provider B
91.210.0.213,5,2023-06-10T00:00:00Z,China,Provider B
91.210.0.214,4,2021-07-03T00:00:00Z,UK,Provider B
91.210.0.215,5,2020-09-21T00:00:00Z,India,Provider B
91.210.0.216,5,2019-12-06T00:00:00Z,China,Provider B
91.210.0.217,5,2024-07-31T00:00:00Z,China,Provider B
91.210.0.218,4,2019-11-10T00:00:00Z,UK,Provider B
91.210.0.219,3,2023-01-05T00:00:00Z,UK,Provider B
91.210.0.220,3,2024-06-04T00:00:00Z,USA,Provider B
91.210.0.221,3,2023-05-23T00:00:00Z,UK,Provider B
91.210.0.222,5,2023-01-22T00:00:00Z,China,Provider B
91.210.0.223,5,2023-03-01T00:00:00Z,USA,Provider B
91.210.0.224,4,2020-12-08T00:00:00Z,USA,Provider B
91.210.0.225,5,2025-11-14T00:00:00Z,China,Provider B
91.210.0.226,2,2020-02-23T00:00:00Z,USA,Provider B
91.210.0.227,2,2020-08-07T00:00:00Z,India,Provider B
91.210.0.228,1,2024-03-25T00:00:00Z,UK,Provider B
91.210.0.229,2,2022-06-04T00:00:00Z,India,Provider B
91.210.0.230,1,2025-08-02T00:00:00Z,China,Provider B
91.210.0.231,4,2022-10-27T00:00:00Z,India,Provider B
91.210.0.232,3,2019-03-05T00:00:00Z,India,Provider B
91.210.0.233,3,2025-01-04T00:00:00Z,India,Provider B
91.210.0.234,4,2023-10-03T00:00:00Z,UK,Provider B
91.210.0.235,3,2022-12-20T00:00:00Z,USA,Provider B
91.210.0.236,4,2025-11-04T00:00:00Z,USA,Provider B
91.210.0.237,3,2024-02-29T00:00:00Z,China,Provider B
91.210.0.238,1,2021-03-10T00:00:00Z,UK,Provider B
91.210.0.239,2,2023-01-26T00:00:00Z,China,Provider B
91.210.0.240,4,2025-11-23T00:00:00Z,UK,Provider B
91.210.0.241,1,2020-06-30T00:00:00Z,India,Provider B
91.210.0.242,1,2024-09-30T00:00:00Z,China,Provider B
91.210.0.243,4,2023-05-30T00:00:00Z,India,Provider B
91.210.0.244,5,2020-05-16T00:00:00Z,China,Provider B
91.210.0.245,1,2022-02-17T00:00:00Z,India,Provider B
91.210.0.246,3,2025-11-02T00:00:00Z,China,Provider B
91.210.0.247,4,2020-04-13T00:00:00Z,China,Provider B
91.210.0.248,4,2024-08-07T00:00:00Z,India,Provider B
91.210.0.249,2,2022-07-18T00:00:00Z,USA,Provider B
91.210.0.250,4,2023-11-25T00:00:00Z,USA,Provider B
91.210.0.251,3,2022-04-25T00:00:00Z,China,Provider B
91.210.0.252,3,2025-05-25T00:00:00Z,India,Provider B
91.210.0.253,2,2022-10-03T00:00:00Z,India,Provider B
91.210.0.254,1,2021-09-23T00:00:00Z,India,Provider B
91.210.1.0,2,2019-05-17T00:00:00Z,India,Provider B
91.210.1.1,2,2024-12-06T00:00:00Z,China,Provider B
91.210.1.2,3,2023-04-10T00:00:00Z,UK,Provider B
91.210.1.3,3,2022-04-12T00:00:00Z,USA,Provider B
91.210.1.4,2,2021-04-13T00:00:00Z,India,Provider B
91.210.1.5,1,2025-10-06T00:00:00Z,UK,Provider B
91.210.1.6,5,2024-07-16T00:00:00Z,India,Provider B
91.210.1.7,4,2021-04-19T00:00:00Z,UK,Provider B
91.210.1.8,2,2020-12-12T00:00:00Z,China,Provider B
91.210.1.9,5,2022-09-05T00:00:00Z,China,Provider B
91.210.1.10,5,2023-07-14T00:00:00Z,USA,Provider B
91.210.1.11,2,2019-12-31T00:00:00Z,India,Provider B
91.210.1.12,4,2020-04-15T00:00:00Z,China,Provider B
91.210.1.13,1,2022-02-15T00:00:00Z,China,Provider B
91.210.1.14,4,2025-01-01T00:00:00Z,USA,Provider B
91.210.1.15,5,2024-12-12T00:00:00Z,USA,Provider B
91.210.1.16,4,2021-02-12T00:00:00Z,India,Provider B
91.210.1.17,2,2024-04-22T00:00:00Z,India,Provider B
91.210.1.18,4,2021-11-22T00:00:00Z,USA,Provider B
91.210.1.19,2,2019-04-28T00:00:00Z,China,Provider B
91.210.1.20,2,2023-10-19T00:00:00Z,UK,Provider B
91.210.1.21,2,2023-03-16T00:00:00Z,USA,Provider B
91.210.1.22,1,2025-02-21T00:00:00Z,UK,Provider B
91.210.1.23,2,2023-08-13T00:00:00Z,China,Provider B
91.210.1.24,2,2024-08-07T00:00:00Z,UK,Provider B
91.210.1.25,2,2025-07-24T00:00:00Z,China,Provider B
91.210.1.26,5,2020-11-29T00:00:00Z,India,Provider B
91.210.1.27,4,2019-08-15T00:00:00Z,India,Provider B
91.210.1.28,5,2023-11-05T00:00:00Z,China,Provider B
91.210.1.29,4,2024-09-12T00:00:00Z,China,Provider B
91.210.1.30,2,2021-07-15T00:00:00Z,India,Provider B
91.210.1.31,3,2022-08-12T00:00:00Z,USA,Provider B
91.210.1.32,1,2020-02-16T00:00:00Z,China,Provider B
91.210.1.33,1,2022-12-21T00:00:00Z,China,Provider B
91.210.1.34,3,2019-12-13T00:00:00Z,UK,Provider B
91.210.1.35,3,2019-02-04T00:00:00Z,USA,Provider B
91.210.1.36,5,2020-07-08T00:00:00Z,China,Provider B
91.210.1.37,5,2019-04-25T00:00:00Z,UK,Provider B
91.210.1.38,2,2025-11-11T00:00:00Z,India,Provider B
91.210.1.39,2,2024-04-20T00:00:00Z,USA,Provider B
91.210.1.40,2,2022-12-07T00:00:00Z,India,Provider B
91.210.1.41,2,2021-08-24T00:00:00Z,UK,Provider B
91.210.1.42,5,2023-03-18T00:00:00Z,UK,Provider B
91.210.1.43,5,2021-04-04T00:00:00Z,China,Provider B
91.210.1.44,2,2019-08-26T00:00:00Z,USA,Provider B
91.210.1.45,3,2021-01-13T00:00:00Z,USA,Provider B
91.210.1.46,2,2019-10-10T00:00:00Z,UK,Provider B
91.210.1.47,1,2023-11-28T00:00:00Z,UK,Provider B
91.210.1.48,2,2022-03-26T00:00:00Z,USA,Provider B
91.210.1.49,5,2024-08-31T00:00:00Z,USA,Provider B
91.210.1.50,1,2023-08-15T00:00:00Z,USA,Provider B
91.210.1.51,4,2024-08-30T00:00:00Z,USA,Provider B
91.210.1.52,1,2020-05-13T00:00:00Z,India,Provider B
91.210.1.53,3,2023-03-31T00:00:00Z,China,Provider B
91.210.1.54,4,2021-04-18T00:00:00Z,India,Provider B
91.210.1.55,3,2020-01-07T00:00:00Z,USA,Provider B
91.210.1.56,5,2025-01-12T00:00:00Z,China,Provider B
91.210.1.57,5,2020-07-15T00:00:00Z,China,Provider B
91.210.1.58,1,2024-01-02T00:00:00Z,China,Provider B
91.210.1.59,2,2021-07-23T00:00:00Z,USA,Provider B
91.210.1.60,1,2025-06-26T00:00:00Z,UK,Provider B
91.210.1.61,4,2021-01-25T00:00:00Z,China,Provider B
91.210.1.62,4,2023-11-09T00:00:00Z,UK,Provider B
91.210.1.63,2,2024-06-09T00:00:00Z,India,Provider B
91.210.1.64,2,2020-05-22T00:00:00Z,China,Provider B
91.210.1.65,3,2023-08-03T00:00:00Z,USA,Provider B
91.210.1.66,4,2025-08-29T00:00:00Z,USA,Provider B
91.210.1.67,4,2024-07-27T00:00:00Z,China,Provider B
91.210.1.68,1,2025-10-12T00:00:00Z,USA,Provider B
91.210.1.69,2,2023-10-21T00:00:00Z,China,Provider B
91.210.1.70,3,2024-08-04T00:00:00Z,China,Provider B
91.210.1.71,5,2020-06-22T00:00:00Z,UK,Provider B
91.210.1.72,4,2021-12-01T00:00:00Z,China,Provider B
91.210.1.73,2,2019-11-16T00:00:00Z,India,Provider B
91.210.1.74,3,2021-04-16T00:00:00Z,UK,Provider B
91.210.1.75,2,2024-09-04T00:00:00Z,India,Provider B
91.210.1.76,2,2024-01-07T00:00:00Z,UK,Provider B
91.210.1.77,5,2019-02-23T00:00:00Z,UK,Provider B
91.210.1.78,3,2024-11-30T00:00:00Z,India,Provider B
91.210.1.79,1,2025-02-11T00:00:00Z,India,Provider B
91.210.1.80,3,2022-07-28T00:00:00Z,India,Provider B
91.210.1.81,2,2022-02-20T00:00:00Z,China,Provider B
91.210.1.82,5,2025-04-19T00:00:00Z,UK,Provider B
91.210.1.83,2,2022-03-16T00:00:00Z,UK,Provider B
91.210.1.84,5,2022-12-03T00:00:00Z,USA,Provider B
91.210.1.85,5,2025-10-20T00:00:00Z,UK,Provider B
91.210.1.86,3,2022-09-07T00:00:00Z,USA,Provider B
91.210.1.87,3,2019-03-31T00:00:00Z,India,Provider B
91.210.1.88,1,2020-06-16T00:00:00Z,USA,Provider B
91.210.1.89,5,2019-04-25T00:00:00Z,UK,Provider B
91.210.1.90,2,2025-02-24T00:00:00Z,India,Provider B
91.210.1.91,5,2022-03-08T00:00:00Z,UK,Provider B
91.210.1.92,5,2024-11-22T00:00:00Z,USA,Provider B
91.210.1.93,1,2021-10-18T00:00:00Z,USA,Provider B
91.210.1.94,1,2025-02-20T00:00:00Z,China,Provider B
91.210.1.95,1,2024-06-17T00:00:00Z,China,Provider B
91.210.1.96,2,2023-06-01T00:00:00Z,USA,Provider B
91.210.1.97,5,2025-02-12T00:00:00Z,UK,Provider B
91.210.1.98,4,2021-11-01T00:00:00Z,USA,Provider B
91.210.1.99,5,2023-01-26T00:00:00Z,China,Provider B
91.210.1.100,5,2024-06-19T00:00:00Z,USA,Provider B
91.210.1.101,5,2019-09-05T00:00:00Z,UK,Provider B
91.210.1.102,2,2019-09-15T00:00:00Z,China,Provider B
91.210.1.103,4,2024-07-15T00:00:00Z,China,Provider B
91.210.1.104,5,2020-02-14T00:00:00Z,UK,Provider B
91.210.1.105,2,2025-02-24T00:00:00Z,India,Provider B
91.210.1.106,3,2025-05-19T00:00:00Z,India,Provider B
91.210.1.107,2,2025-05-18T00:00:00Z,India,Provider B
91.210.1.108,3,2020-12-30T00:00:00Z,UK,Provider B
91.210.1.109,1,2022-01-04T00:00:00Z,India,Provider B
91.210.1.110,1,2024-12-13T00:00:00Z,India,Provider B
91.210.1.111,2,2020-01-22T00:00:00Z,China,Provider B
91.210.1.112,1,2021-08-22T00:00:00Z,China,Provider B
91.210.1.113,3,2024-06-22T00:00:00Z,India,Provider B
91.210.1.114,4,2019-10-26T00:00:00Z,USA,Provider B
91.210.1.115,5,2019-11-01T00:00:00Z,USA,Provider B
91.210.1.116,5,2020-08-17T00:00:00Z,UK,Provider B
91.210.1.117,5,2020-02-27T00:00:00Z,China,Provider B
91.210.1.118,2,2023-08-30T00:00:00Z,China,Provider B
91.210.1.119,5,2024-06-25T00:00:00Z,USA,Provider B
91.210.1.120,3,2020-03-01T00:00:00Z,UK,Provider B
91.210.1.121,3,2022-08-22T00:00:00Z,USA,Provider B
91.210.1.122,4,2024-05-24T00:00:00Z,India,Provider B
91.210.1.123,4,2019-08-22T00:00:00Z,USA,Provider B
91.210.1.124,1,2025-10-04T00:00:00Z,China,Provider B
91.210.1.125,2,2025-07-28T00:00:00Z,India,Provider B
91.210.1.126,5,2023-05-08T00:00:00Z,China,Provider B
91.210.1.127,1,2022-07-15T00:00:00Z,USA,Provider B
91.210.1.128,3,2023-03-27T00:00:00Z,India,Provider B
91.210.1.129,3,2025-10-04T00:00:00Z,China,Provider B
91.210.1.130,1,2022-12-20T00:00:00Z,India,Provider B
91.210.1.131,5,2025-04-18T00:00:00Z,China,Provider B
91.210.1.132,2,2025-11-16T00:00:00Z,China,Provider B
91.210.1.133,3,2023-10-24T00:00:00Z,USA,Provider B
91.210.1.134,4,2019-01-07T00:00:00Z,China,Provider B
91.210.1.135,4,2022-11-19T00:00:00Z,USA,Provider B
91.210.1.136,3,2021-06-27T00:00:00Z,UK,Provider B
91.210.1.137,4,2025-08-02T00:00:00Z,UK,Provider B
91.210.1.138,1,2025-11-21T00:00:00Z,UK,Provider B
91.210.1.139,4,2025-11-18T00:00:00Z,India,Provider B
91.210.1.140,5,2025-05-05T00:00:00Z,India,Provider B
91.210.1.141,1,2024-08-18T00:00:00Z,USA,Provider B
91.210.1.142,3,2023-10-04T00:00:00Z,USA,Provider B
91.210.1.143,5,2019-09-22T00:00:00Z,UK,Provider B
91.210.1.144,5,2022-07-28T00:00:00Z,UK,Provider B
91.210.1.145,4,2020-05-07T00:00:00Z,China,Provider B
91.210.1.146,2,2019-04-20T00:00:00Z,UK,Provider B
91.210.1.147,1,2021-12-20T00:00:00Z,China,Provider B
91.210.1.148,4,2022-04-02T00:00:00Z,UK,Provider B
91.210.1.149,3,2019-12-03T00:00:00Z,UK,Provider B
91.210.1.150,4,2019-04-12T00:00:00Z,USA,Provider B
91.210.1.151,1,2025-11-08T00:00:00Z,India,Provider B
91.210.1.152,2,2025-08-14T00:00:00Z,China,Provider B
91.210.1.153,3,2022-06-08T00:00:00Z,China,Provider B
91.210.1.154,3,2024-01-24T00:00:00Z,UK,Provider B
91.210.1.155,5,2019-02-19T00:00:00Z,China,Provider B
91.210.1.156,1,2023-09-21T00:00:00Z,USA,Provider B
91.210.1.157,5,2021-02-21T00:00:00Z,UK,Provider B
91.210.1.158,2,2020-08-28T00:00:00Z,UK,Provider B
91.210.1.159,5,2019-05-18T00:00:00Z,UK,Provider B
91.210.1.160,5,2023-05-13T00:00:00Z,USA,Provider B
91.210.1.161,3,2021-03-22T00:00:00Z,USA,Provider B
91.210.1.162,2,2025-06-15T00:00:00Z,UK,Provider B
91.210.1.163,1,2023-05-10T00:00:00Z,China,Provider B
91.210.1.164,4,2024-09-22T00:00:00Z,China,Provider B
91.210.1.165,3,2021-09-18T00:00:00Z,China,Provider B
91.210.1.166,2,2025-11-03T00:00:00Z,China,Provider B
91.210.1.167,1,2025-10-09T00:00:00Z,India,Provider B
91.210.1.168,1,2020-08-18T00:00:00Z,USA,Provider B
91.210.1.169,3,2023-05-30T00:00:00Z,China,Provider B
91.210.1.170,5,2019-11-18T00:00:00Z,China,Provider B
91.210.1.171,1,2022-04-18T00:00:00Z,UK,Provider B
91.210.1.172,3,2023-09-03T00:00:00Z,India,Provider B
91.210.1.173,4,2019-02-06T00:00:00Z,China,Provider B
91.210.1.174,5,2019-05-25T00:00:00Z,China,Provider B
91.210.1.175,4,2020-08-12T00:00:00Z,UK,Provider B
91.210.1.176,2,2024-09-04T00:00:00Z,India,Provider B
91.210.1.177,3,2025-11-24T00:00:00Z,China,Provider B
91.210.1.178,3,2020-07-02T00:00:00Z,China,Provider B
91.210.1.179,2,2021-02-04T00:00:00Z,UK,Provider B
91.210.1.180,4,2020-06-18T00:00:00Z,UK,Provider B
91.210.1.181,3,2022-09-01T00:00:00Z,India,Provider B
91.210.1.182,4,2022-07-13T00:00:00Z,India,Provider B
91.210.1.183,4,2019-06-12T00:00:00Z,China,Provider B
91.210.1.184,4,2022-04-11T00:00:00Z,India,Provider B
91.210.1.185,3,2022-12-25T00:00:00Z,India,Provider B
91.210.1.186,4,2019-12-04T00:00:00Z,UK,Provider B
91.210.1.187,3,2024-01-15T00:00:00Z,UK,Provider B
91.210.1.188,3,2022-05-23T00:00:00Z,USA,Provider B
91.210.1.189,4,2025-07-31T00:00:00Z,UK,Provider B
91.210.1.190,3,2025-12-18T00:00:00Z,China,Provider B
91.210.1.191,2,2024-08-22T00:00:00Z,UK,Provider B
91.210.1.192,4,2021-09-01T00:00:00Z,USA,Provider B
91.210.1.193,1,2025-07-11T00:00:00Z,UK,Provider B
91.210.1.194,4,2019-01-19T00:00:00Z,USA,Provider B
91.210.1.195,2,2021-07-25T00:00:00Z,USA,Provider B
91.210.1.196,5,2023-10-21T00:00:00Z,India,Provider B
91.210.1.197,1,2019-10-23T00:00:00Z,China,Provider B
91.210.1.198,4,2021-12-05T00:00:00Z,India,Provider B
91.210.1.199,1,2022-06-05T00:00:00Z,India,Provider B
91.210.1.200,3,2022-11-20T00:00:00Z,China,Provider B
91.210.1.201,5,2024-08-22T00:00:00Z,UK,Provider B
91.210.1.202,3,2019-01-30T00:00:00Z,UK,Provider B
91.210.1.203,3,2021-09-30T00:00:00Z,UK,Provider B
91.210.1.204,2,2019-05-03T00:00:00Z,China,Provider B
91.210.1.205,4,2022-11-25T00:00:00Z,UK,Provider B
91.210.1.206,5,2025-12-04T00:00:00Z,USA,Provider B
91.210.1.207,3,2021-04-25T00:00:00Z,China,Provider B
91.210.1.208,5,2025-04-19T00:00:00Z,UK,Provider B
91.210.1.209,2,2023-01-16T00:00:00Z,India,Provider B
91.210.1.210,3,2019-01-14T00:00:00Z,UK,Provider B
91.210.1.211,2,2019-07-24T00:00:00Z,USA,Provider B
91.210.1.212,2,2019-08-01T00:00:00Z,India,Provider B
91.210.1.213,4,2020-06-16T00:00:00Z,India,Provider B
91.210.1.214,4,2023-05-09T00:00:00Z,India,Provider B
91.210.1.215,4,2024-03-21T00:00:00Z,UK,Provider B
91.210.1.216,4,2025-03-19T00:00:00Z,USA,Provider B
91.210.1.217,4,2019-02-13T00:00:00Z,UK,Provider B
91.210.1.218,2,2024-06-30T00:00:00Z,India,Provider B
91.210.1.219,1,2025-12-06T00:00:00Z,UK,Provider B
91.210.1.220,2,2019-11-12T00:00:00Z,UK,Provider B
91.210.1.221,3,2023-12-29T00:00:00Z,UK,Provider B
91.210.1.222,2,2024-01-26T00:00:00Z,China,Provider B
91.210.1.223,1,2024-08-28T00:00:00Z,India,Provider B
91.210.1.224,2,2020-01-31T00:00:00Z,India,Provider B
91.210.1.225,1,2022-01-03T00:00:00Z,China,Provider B
91.210.1.226,3,2022-08-29T00:00:00Z,China,Provider B
91.210.1.227,4,2023-09-12T00:00:00Z,UK,Provider B
91.210.1.228,2,2020-05-09T00:00:00Z,China,Provider B
91.210.1.229,3,2023-06-25T00:00:00Z,UK,Provider B
91.210.1.230,5,2020-05-10T00:00:00Z,India,Provider B
91.210.1.231,1,2021-12-28T00:00:00Z,USA,Provider B
91.210.1.232,4,2020-02-07T00:00:00Z,India,Provider B
91.210.1.233,4,2025-06-28T00:00:00Z,UK,Provider B
91.210.1.234,3,2023-07-04T00:00:00Z,India,Provider B
91.210.1.235,1,2021-03-21T00:00:00Z,India,Provider B
91.210.1.236,4,2023-03-06T00:00:00Z,USA,Provider B
91.210.1.237,1,2022-07-14T00:00:00Z,USA,Provider B
91.210.1.238,3,2022-06-06T00:00:00Z,China,Provider B
91.210.1.239,3,2022-07-02T00:00:00Z,USA,Provider B
91.210.1.240,3,2022-04-30T00:00:00Z,UK,Provider B
91.210.1.241,1,2021-01-27T00:00:00Z,China,Provider B
91.210.1.242,4,2020-04-10T00:00:00Z,China,Provider B
91.210.1.243,1,2019-12-06T00:00:00Z,India,Provider B
91.210.1.244,5,2024-03-16T00:00:00Z,India,Provider B
91.210.1.245,5,2022-08-31T00:00:00Z,China,Provider B
91.210.1.246,5,2020-12-08T00:00:00Z,China,Provider B
91.210.1.247,1,2019-11-10T00:00:00Z,UK,Provider B
91.210.1.248,4,2024-04-20T00:00:00Z,USA,Provider B
91.210.1.249,1,2021-12-24T00:00:00Z,China,Provider B
91.210.1.250,3,2022-03-18T00:00:00Z,USA,Provider B
91.210.1.251,4,2020-03-20T00:00:00Z,USA,Provider B
91.210.1.252,2,2024-01-13T00:00:00Z,India,Provider B
91.210.1.253,4,2022-02-11T00:00:00Z,USA,Provider B
91.210.1.254,2,2024-04-03T00:00:00Z,UK,Provider B
91.210.2.0,1,2020-08-04T00:00:00Z,India,Provider B
91.210.2.1,4,2024-07-27T00:00:00Z,UK,Provider B
91.210.2.2,4,2023-02-20T00:00:00Z,India,Provider B
91.210.2.3,5,2019-08-03T00:00:00Z,China,Provider B
91.210.2.4,4,2024-10-09T00:00:00Z,China,Provider B
91.210.2.5,3,2021-08-03T00:00:00Z,UK,Provider B
91.210.2.6,2,2020-09-27T00:00:00Z,China,Provider B
91.210.2.7,1,2020-10-30T00:00:00Z,UK,Provider B
91.210.2.8,2,2022-06-19T00:00:00Z,India,Provider B
91.210.2.9,1,2024-07-14T00:00:00Z,UK,Provider B
91.210.2.10,1,2019-06-06T00:00:00Z,UK,Provider B
91.210.2.11,5,2020-02-12T00:00:00Z,China,Provider B
91.210.2.12,4,2019-08-05T00:00:00Z,USA,Provider B
91.210.2.13,2,2021-02-15T00:00:00Z,India,Provider B
91.210.2.14,4,2024-12-20T00:00:00Z,UK,Provider B
91.210.2.15,3,2023-04-10T00:00:00Z,UK,Provider B
91.210.2.16,5,2023-03-28T00:00:00Z,USA,Provider B
91.210.2.17,5,2022-04-14T00:00:00Z,USA,Provider B
91.210.2.18,5,2019-01-10T00:00:00Z,China,Provider B
91.210.2.19,5,2025-09-08T00:00:00Z,UK,Provider B
91.210.2.20,5,2023-10-18T00:00:00Z,USA,Provider B
91.210.2.21,4,2021-01-31T00:00:00Z,China,Provider B
91.210.2.22,1,2023-11-13T00:00:00Z,UK,Provider B
91.210.2.23,1,2019-12-06T00:00:00Z,China,Provider B
91.210.2.24,1,2021-09-01T00:00:00Z,USA,Provider B
91.210.2.25,1,2019-07-14T00:00:00Z,China,Provider B
91.210.2.26,4,2021-03-21T00:00:00Z,USA,Provider B
91.210.2.27,2,2022-07-23T00:00:00Z,China,Provider B
91.210.2.28,4,2022-03-17T00:00:00Z,China,Provider B
91.210.2.29,5,2021-03-02T00:00:00Z,USA,Provider B
91.210.2.30,5,2020-02-09T00:00:00Z,UK,Provider B
91.210.2.31,5,2020-07-10T00:00:00Z,China,Provider B
91.210.2.32,1,2025-08-02T00:00:00Z,USA,Provider B
91.210.2.33,4,2025-10-13T00:00:00Z,China,Provider B
91.210.2.34,3,2025-12-17T00:00:00Z,China,Provider B
91.210.2.35,2,2025-10-29T00:00:00Z,India,Provider B
91.210.2.36,4,2022-01-01T00:00:00Z,UK,Provider B
91.210.2.37,5,2022-03-09T00:00:00Z,USA,Provider B
91.210.2.38,4,2023-10-05T00:00:00Z,India,Provider B
91.210.2.39,3,2020-03-20T00:00:00Z,UK,Provider B
91.210.2.40,2,2025-01-02T00:00:00Z,India,Provider B
91.210.2.41,5,2020-05-23T00:00:00Z,USA,Provider B
91.210.2.42,2,2019-03-22T00:00:00Z,India,Provider B
91.210.2.43,1,2019-10-13T00:00:00Z,India,Provider B
91.210.2.44,3,2025-09-10T00:00:00Z,China,Provider B
91.210.2.45,3,2020-09-09T00:00:00Z,China,Provider B
91.210.2.46,5,2024-10-28T00:00:00Z,India,Provider B
91.210.2.47,1,2020-01-07T00:00:00Z,China,Provider B
91.210.2.48,5,2022-08-17T00:00:00Z,UK,Provider B
91.210.2.49,3,2024-12-24T00:00:00Z,China,Provider B
91.210.2.50,3,2024-10-03T00:00:00Z,China,Provider B
91.210.2.51,4,2022-08-14T00:00:00Z,UK,Provider B
91.210.2.52,5,2019-05-21T00:00:00Z,UK,Provider B
91.210.2.53,5,2025-11-18T00:00:00Z,UK,Provider B
91.210.2.54,3,2025-08-27T00:00:00Z,USA,Provider B
91.210.2.55,2,2023-02-12T00:00:00Z,USA,Provider B
91.210.2.56,4,2024-11-01T00:00:00Z,China,Provider B
91.210.2.57,4,2022-08-02T00:00:00Z,India,Provider B
91.210.2.58,4,2021-10-02T00:00:00Z,USA,Provider B
91.210.2.59,5,2019-08-15T00:00:00Z,USA,Provider B
91.210.2.60,1,2022-08-10T00:00:00Z,India,Provider B
91.210.2.61,3,2025-03-15T00:00:00Z,India,Provider B
91.210.2.62,2,2022-02-28T00:00:00Z,India,Provider B
91.210.2.63,5,2021-12-17T00:00:00Z,India,Provider B
91.210.2.64,3,2021-03-18T00:00:00Z,UK,Provider B
91.210.2.65,5,2025-09-13T00:00:00Z,USA,Provider B
91.210.2.66,4,2023-01-27T00:00:00Z,UK,Provider B
91.210.2.67,5,2025-09-11T00:00:00Z,UK,Provider B
91.210.2.68,4,2021-05-26T00:00:00Z,UK,Provider B
91.210.2.69,1,2023-02-01T00:00:00Z,China,Provider B
91.210.2.70,3,2020-12-23T00:00:00Z,USA,Provider B
91.210.2.71,5,2023-10-19T00:00:00Z,USA,Provider B
91.210.2.72,4,2021-12-05T00:00:00Z,India,Provider B
91.210.2.73,1,2019-03-03T00:00:00Z,India,Provider B
91.210.2.74,1,2024-08-31T00:00:00Z,USA,Provider B
91.210.2.75,3,2019-06-16T00:00:00Z,China,Provider B
91.210.2.76,4,2024-01-22T00:00:00Z,India,Provider B
91.210.2.77,3,2020-02-06T00:00:00Z,USA,Provider B
91.210.2.78,4,2025-12-28T00:00:00Z,China,Provider B
91.210.2.79,2,2022-02-17T00:00:00Z,China,Provider B
91.210.2.80,3,2020-05-23T00:00:00Z,UK,Provider B
91.210.2.81,5,2019-06-06T00:00:00Z,India,Provider B
91.210.2.82,3,2022-02-14T00:00:00Z,China,Provider B
91.210.2.83,4,2019-04-14T00:00:00Z,India,Provider B
91.210.2.84,2,2024-04-14T00:00:00Z,China,Provider B
91.210.2.85,2,2020-12-01T00:00:00Z,China,Provider B
91.210.2.86,1,2024-04-30T00:00:00Z,China,Provider B
91.210.2.87,3,2022-12-29T00:00:00Z,USA,Provider B
91.210.2.88,3,2024-07-21T00:00:00Z,USA,Provider B
91.210.2.89,5,2024-02-16T00:00:00Z,USA,Provider B
91.210.2.90,2,2019-07-26T00:00:00Z,India,Provider B
91.210.2.91,2,2021-08-20T00:00:00Z,China,Provider B
91.210.2.92,2,2023-05-11T00:00:00Z,USA,Provider B
91.210.2.93,4,2023-08-23T00:00:00Z,UK,Provider B
91.210.2.94,3,2025-03-18T00:00:00Z,China,Provider B
91.210.2.95,2,2021-10-29T00:00:00Z,UK,Provider B
91.210.2.96,5,2019-09-18T00:00:00Z,UK,Provider B
91.210.2.97,3,2020-11-27T00:00:00Z,China,Provider B
91.210.2.98,3,2025-06-04T00:00:00Z,UK,Provider B
91.210.2.99,1,2025-08-16T00:00:00Z,China,Provider B
91.210.2.100,5,2024-06-09T00:00:00Z,China,Provider B
91.210.2.101,3,2025-02-18T00:00:00Z,UK,Provider B
91.210.2.102,2,2025-04-15T00:00:00Z,India,Provider B
91.210.2.103,1,2024-10-05T00:00:00Z,USA,Provider B
91.210.2.104,2,2020-07-13T00:00:00Z,UK,Provider B
91.210.2.105,5,2025-08-28T00:00:00Z,USA,Provider B
91.210.2.106,1,2023-07-27T00:00:00Z,India,Provider B
91.210.2.107,5,2021-03-31T00:00:00Z,USA,Provider B
91.210.2.108,1,2025-06-11T00:00:00Z,India,Provider B
91.210.2.109,2,2025-03-15T00:00:00Z,India,Provider B
91.210.2.110,4,2019-08-21T00:00:00Z,China,Provider B
91.210.2.111,4,2025-07-22T00:00:00Z,China,Provider B
91.210.2.112,3,2021-06-28T00:00:00Z,UK,Provider B
91.210.2.113,1,2020-09-07T00:00:00Z,UK,Provider B
91.210.2.114,1,2019-07-08T00:00:00Z,USA,Provider B
91.210.2.115,1,2024-12-25T00:00:00Z,India,Provider B
91.210.2.116,1,2022-01-23T00:00:00Z,UK,Provider B
91.210.2.117,4,2021-06-25T00:00:00Z,USA,Provider B
91.210.2.118,3,2023-01-20T00:00:00Z,China,Provider B
91.210.2.119,3,2021-04-08T00:00:00Z,USA,Provider B
91.210.2.120,5,2020-07-31T00:00:00Z,India,Provider B
91.210.2.121,1,2020-09-29T00:00:00Z,China,Provider B
91.210.2.122,1,2022-02-15T00:00:00Z,China,Provider B
91.210.2.123,4,2023-05-02T00:00:00Z,USA,Provider B
91.210.2.124,2,2024-03-09T00:00:00Z,USA,Provider B
91.210.2.125,5,2021-06-21T00:00:00Z,China,Provider B
91.210.2.126,1,2023-05-27T00:00:00Z,India,Provider B
91.210.2.127,1,2021-07-21T00:00:00Z,India,Provider B
91.210.2.128,3,2022-05-31T00:00:00Z,USA,Provider B
91.210.2.129,3,2019-03-20T00:00:00Z,UK,Provider B
91.210.2.130,1,2022-06-24T00:00:00Z,China,Provider B
91.210.2.131,1,2021-10-24T00:00:00Z,USA,Provider B
91.210.2.132,3,2022-06-22T00:00:00Z,UK,Provider B
91.210.2.133,3,2024-11-16T00:00:00Z,USA,Provider B
91.210.2.134,5,2020-01-25T00:00:00Z,UK,Provider B
91.210.2.135,3,2020-05-06T00:00:00Z,China,Provider B
91.210.2.136,5,2020-08-17T00:00:00Z,China,Provider B
91.210.2.137,2,2021-07-31T00:00:00Z,India,Provider B
91.210.2.138,3,2021-12-12T00:00:00Z,India,Provider B
91.210.2.139,2,2020-06-05T00:00:00Z,India,Provider B
91.210.2.140,2,2025-12-11T00:00:00Z,India,Provider B
91.210.2.141,5,2024-08-13T00:00:00Z,USA,Provider B
91.210.2.142,3,2025-07-13T00:00:00Z,China,Provider B
91.210.2.143,4,2022-07-09T00:00:00Z,China,Provider B
91.210.2.144,1,2025-09-25T00:00:00Z,UK,Provider B
91.210.2.145,5,2021-02-07T00:00:00Z,China,Provider B
91.210.2.146,2,2024-06-20T00:00:00Z,USA,Provider B
91.210.2.147,1,2024-03-19T00:00:00Z,China,Provider B
91.210.2.148,2,2024-05-07T00:00:00Z,USA,Provider B
91.210.2.149,4,2020-10-17T00:00:00Z,India,Provider B
91.210.2.150,5,2019-04-15T00:00:00Z,India,Provider B
91.210.2.151,4,2023-11-25T00:00:00Z,India,Provider B
91.210.2.152,3,2021-02-08T00:00:00Z,India,Provider B
91.210.2.153,5,2020-10-12T00:00:00Z,China,Provider B
91.210.2.154,1,2022-02-21T00:00:00Z,China,Provider B
91.210.2.155,3,2023-10-01T00:00:00Z,UK,Provider B
91.210.2.156,2,2025-12-21T00:00:00Z,UK,Provider B
91.210.2.157,2,2022-07-11T00:00:00Z,China,Provider B
91.210.2.158,4,2022-08-05T00:00:00Z,China,Provider B
91.210.2.159,4,2023-01-12T00:00:00Z,China,Provider B
91.210.2.160,2,2022-04-30T00:00:00Z,China,Provider B
91.210.2.161,3,2020-05-30T00:00:00Z,India,Provider B
91.210.2.162,2,2021-09-07T00:00:00Z,China,Provider B
91.210.2.163,1,2020-08-20T00:00:00Z,USA,Provider B
91.210.2.164,1,2021-11-29T00:00:00Z,UK,Provider B
91.210.2.165,4,2022-07-04T00:00:00Z,China,Provider B
91.210.2.166,4,2024-01-24T00:00:00Z,China,Provider B
91.210.2.167,5,2020-01-15T00:00:00Z,UK,Provider B
91.210.2.168,5,2024-01-22T00:00:00Z,USA,Provider B
91.210.2.169,2,2025-08-03T00:00:00Z,China,Provider B
91.210.2.170,5,2023-02-15T00:00:00Z,USA,Provider B
91.210.2.171,2,2019-10-21T00:00:00Z,India,Provider B
91.210.2.172,1,2021-03-26T00:00:00Z,India,Provider B
91.210.2.173,1,2024-12-08T00:00:00Z,UK,Provider B
91.210.2.174,4,2019-05-25T00:00:00Z,China,Provider B
91.210.2.175,5,2022-04-17T00:00:00Z,USA,Provider B
91.210.2.176,2,2023-12-12T00:00:00Z,UK,Provider B
91.210.2.177,1,2020-02-12T00:00:00Z,China,Provider B
91.210.2.178,1,2022-05-19T00:00:00Z,China,Provider B
91.210.2.179,5,2023-04-10T00:00:00Z,China,Provider B
91.210.2.180,5,2021-12-14T00:00:00Z,UK,Provider B
91.210.2.181,3,2024-11-20T00:00:00Z,India,Provider B
91.210.2.182,1,2022-07-19T00:00:00Z,USA,Provider B
91.210.2.183,5,2022-05-03T00:00:00Z,India,Provider B
91.210.2.184,2,2023-12-27T00:00:00Z,India,Provider B
91.210.2.185,3,2020-10-21T00:00:00Z,India,Provider B
91.210.2.186,5,2023-03-27T00:00:00Z,UK,Provider B
91.210.2.187,4,2020-10-13T00:00:00Z,China,Provider B
91.210.2.188,3,2020-12-27T00:00:00Z,India,Provider B
91.210.2.189,4,2023-04-05T00:00:00Z,China,Provider B
91.210.2.190,2,2021-02-24T00:00:00Z,India,Provider B
91.210.2.191,4,2019-03-22T00:00:00Z,USA,Provider B
91.210.2.192,2,2019-08-21T00:00:00Z,UK,Provider B
91.210.2.193,1,2022-01-06T00:00:00Z,USA,Provider B
91.210.2.194,2,2023-02-22T00:00:00Z,USA,Provider B
91.210.2.195,3,2020-09-18T00:00:00Z,UK,Provider B
91.210.2.196,2,2024-06-03T00:00:00Z,China,Provider B
91.210.2.197,2,2025-08-23T00:00:00Z,China,Provider B
91.210.2.198,2,2023-09-21T00:00:00Z,UK,Provider B
91.210.2.199,1,2024-09-19T00:00:00Z,UK,Provider B
91.210.2.200,1,2025-06-05T00:00:00Z,UK,Provider B
91.210.2.201,3,2021-06-29T00:00:00Z,India,Provider B
91.210.2.202,3,2019-08-15T00:00:00Z,India,Provider B
91.210.2.203,3,2021-04-10T00:00:00Z,India,Provider B
91.210.2.204,4,2023-06-10T00:00:00Z,India,Provider B
91.210.2.205,5,2023-02-04T00:00:00Z,China,Provider B
91.210.2.206,3,2021-12-15T00:00:00Z,UK,Provider B
91.210.2.207,5,2021-08-15T00:00:00Z,India,Provider B
91.210.2.208,2,2022-07-22T00:00:00Z,China,Provider B
91.210.2.209,3,2019-03-04T00:00:00Z,USA,Provider B
91.210.2.210,2,2024-11-17T00:00:00Z,India,Provider B
91.210.2.211,5,2019-11-03T00:00:00Z,India,Provider B
91.210.2.212,4,2023-02-27T00:00:00Z,USA,Provider B
91.210.2.213,4,2020-10-03T00:00:00Z,USA,Provider B
91.210.2.214,4,2020-09-13T00:00:00Z,China,Provider B
91.210.2.215,4,2019-06-04T00:00:00Z,USA,Provider B
91.210.2.216,2,2020-07-07T00:00:00Z,China,Provider B
91.210.2.217,3,2025-06-18T00:00:00Z,UK,Provider B
91.210.2.218,1,2024-03-11T00:00:00Z,China,Provider B
91.210.2.219,5,2022-04-16T00:00:00Z,India,Provider B
91.210.2.220,5,2021-09-01T00:00:00Z,UK,Provider B
91.210.2.221,5,2020-03-15T00:00:00Z,India,Provider B
91.210.2.222,1,2021-06-07T00:00:00Z,India,Provider B
91.210.2.223,4,2025-11-06T00:00:00Z,USA,Provider B
91.210.2.224,2,2024-07-14T00:00:00Z,UK,Provider B
91.210.2.225,1,2025-10-27T00:00:00Z,UK,Provider B
91.210.2.226,2,2020-03-23T00:00:00Z,UK,Provider B
91.210.2.227,2,2025-11-26T00:00:00Z,UK,Provider B
91.210.2.228,3,2021-11-29T00:00:00Z,India,Provider B
91.210.2.229,1,2025-12-22T00:00:00Z,China,Provider B
91.210.2.230,3,2020-03-20T00:00:00Z,UK,Provider B
91.210.2.231,5,2022-01-27T00:00:00Z,China,Provider B
91.210.2.232,5,2020-06-15T00:00:00Z,UK,Provider B
91.210.2.233,2,2020-01-08T00:00:00Z,UK,Provider B
91.210.2.234,5,2023-11-24T00:00:00Z,China,Provider B
91.210.2.235,5,2022-04-27T00:00:00Z,China,Provider B
91.210.2.236,1,2019-06-12T00:00:00Z,China,Provider B
91.210.2.237,5,2021-10-14T00:00:00Z,China,Provider B
91.210.2.238,5,2023-04-03T00:00:00Z,China,Provider B
91.210.2.239,3,2025-10-23T00:00:00Z,China,Provider B
91.210.2.240,4,2025-08-04T00:00:00Z,India,Provider B
91.210.2.241,1,2025-11-19T00:00:00Z,India,Provider B
91.210.2.242,5,2024-02-11T00:00:00Z,UK,Provider B
91.210.2.243,3,2019-09-12T00:00:00Z,China,Provider B
91.210.2.244,2,2024-10-24T00:00:00Z,China,Provider B
91.210.2.245,4,2022-10-30T00:00:00Z,India,Provider B
91.210.2.246,3,2019-12-25T00:00:00Z,China,Provider B
91.210.2.247,5,2019-06-11T00:00:00Z,UK,Provider B
91.210.2.248,2,2024-06-30T00:00:00Z,China,Provider B
91.210.2.249,5,2023-04-18T00:00:00Z,UK,Provider B
91.210.2.250,1,2020-06-07T00:00:00Z,China,Provider B
91.210.2.251,2,2022-08-08T00:00:00Z,India,Provider B
91.210.2.252,5,2020-07-27T00:00:00Z,India,Provider B
91.210.2.253,3,2021-07-04T00:00:00Z,China,Provider B
91.210.2.254,1,2024-09-22T00:00:00Z,UK,Provider B
91.210.3.0,5,2024-08-22T00:00:00Z,USA,Provider B
91.210.3.1,5,2025-04-11T00:00:00Z,UK,Provider B
91.210.3.2,5,2025-04-20T00:00:00Z,USA,Provider B
91.210.3.3,4,2020-05-20T00:00:00Z,India,Provider B
91.210.3.4,1,2024-12-29T00:00:00Z,China,Provider B
91.210.3.5,3,2022-12-23T00:00:00Z,India,Provider B
91.210.3.6,3,2021-11-28T00:00:00Z,India,Provider B
91.210.3.7,2,2022-01-10T00:00:00Z,UK,Provider B
91.210.3.8,2,2019-04-26T00:00:00Z,USA,Provider B
91.210.3.9,4,2025-01-13T00:00:00Z,USA,Provider B
91.210.3.10,4,2019-09-03T00:00:00Z,UK,Provider B
91.210.3.11,1,2020-12-05T00:00:00Z,China,Provider B
91.210.3.12,2,2024-11-14T00:00:00Z,India,Provider B
91.210.3.13,4,2021-05-30T00:00:00Z,USA,Provider B
91.210.3.14,3,2022-03-09T00:00:00Z,USA,Provider B
91.210.3.15,2,2022-07-05T00:00:00Z,China,Provider B
91.210.3.16,2,2022-02-04T00:00:00Z,USA,Provider B
91.210.3.17,4,2019-02-26T00:00:00Z,USA,Provider B
91.210.3.18,5,2022-04-29T00:00:00Z,India,Provider B
91.210.3.19,2,2019-10-08T00:00:00Z,India,Provider B
91.210.3.20,5,2019-06-08T00:00:00Z,USA,Provider B
91.210.3.21,1,2022-01-01T00:00:00Z,UK,Provider B
91.210.3.22,2,2020-07-30T00:00:00Z,UK,Provider B
91.210.3.23,1,2023-12-23T00:00:00Z,USA,Provider B
91.210.3.24,4,2024-04-15T00:00:00Z,China,Provider B
91.210.3.25,3,2020-03-14T00:00:00Z,India,Provider B
91.210.3.26,1,2020-01-18T00:00:00Z,India,Provider B
91.210.3.27,3,2025-04-06T00:00:00Z,China,Provider B
91.210.3.28,4,2021-08-20T00:00:00Z,India,Provider B
91.210.3.29,3,2021-11-17T00:00:00Z,UK,Provider B
91.210.3.30,4,2021-01-24T00:00:00Z,UK,Provider B
91.210.3.31,1,2021-07-26T00:00:00Z,India,Provider B
91.210.3.32,5,2020-08-11T00:00:00Z,UK,Provider B
91.210.3.33,5,2024-10-10T00:00:00Z,USA,Provider B
91.210.3.34,1,2022-10-24T00:00:00Z,India,Provider B
91.210.3.35,5,2023-12-31T00:00:00Z,India,Provider B
91.210.3.36,5,2023-06-17T00:00:00Z,China,Provider B
91.210.3.37,5,2022-09-11T00:00:00Z,India,Provider B
91.210.3.38,2,2019-11-01T00:00:00Z,UK,Provider B
91.210.3.39,3,2019-05-20T00:00:00Z,India,Provider B
91.210.3.40,4,2022-04-24T00:00:00Z,China,Provider B
91.210.3.41,3,2024-07-01T00:00:00Z,China,Provider B
91.210.3.42,1,2020-12-06T00:00:00Z,China,Provider B
91.210.3.43,4,2023-12-27T00:00:00Z,USA,Provider B
91.210.3.44,3,2022-01-12T00:00:00Z,India,Provider B
91.210.3.45,2,2025-02-11T00:00:00Z,USA,Provider B
91.210.3.46,2,2020-04-03T00:00:00Z,UK,Provider B
91.210.3.47,3,2021-09-22T00:00:00Z,China,Provider B
91.210.3.48,5,2021-04-29T00:00:00Z,China,Provider B
91.210.3.49,1,2024-02-11T00:00:00Z,USA,Provider B
91.210.3.50,1,2022-05-23T00:00:00Z,USA,Provider B
91.210.3.51,4,2019-11-19T00:00:00Z,USA,Provider B
91.210.3.52,5,2022-11-03T00:00:00Z,India,Provider B
91.210.3.53,5,2020-02-23T00:00:00Z,India,Provider B
91.210.3.54,3,2021-06-07T00:00:00Z,USA,Provider B
91.210.3.55,3,2020-11-10T00:00:00Z,UK,Provider B
91.210.3.56,5,2020-03-26T00:00:00Z,UK,Provider B
91.210.3.57,3,2021-07-08T00:00:00Z,India,Provider B
91.210.3.58,3,2021-10-20T00:00:00Z,China,Provider B
91.210.3.59,1,2025-04-16T00:00:00Z,USA,Provider B
91.210.3.60,5,2022-10-24T00:00:00Z,India,Provider B
91.210.3.61,5,2022-01-10T00:00:00Z,India,Provider B
91.210.3.62,1,2020-02-12T00:00:00Z,China,Provider B
91.210.3.63,5,2023-06-10T00:00:00Z,China,Provider B
91.210.3.64,4,2022-09-19T00:00:00Z,India,Provider B
91.210.3.65,5,2019-01-16T00:00:00Z,UK,Provider B
91.210.3.66,1,2019-05-30T00:00:00Z,China,Provider B
91.210.3.67,4,2021-04-18T00:00:00Z,UK,Provider B
91.210.3.68,3,2024-03-05T00:00:00Z,USA,Provider B
91.210.3.69,4,2021-07-17T00:00:00Z,USA,Provider B
91.210.3.70,5,2024-01-02T00:00:00Z,USA,Provider B
91.210.3.71,3,2022-07-30T00:00:00Z,UK,Provider B
91.210.3.72,4,2024-09-30T00:00:00Z,UK,Provider B
91.210.3.73,1,2025-06-21T00:00:00Z,India,Provider B
91.210.3.74,4,2020-07-25T00:00:00Z,UK,Provider B
91.210.3.75,4,2023-07-14T00:00:00Z,USA,Provider B
91.210.3.76,3,2022-12-25T00:00:00Z,UK,Provider B
91.210.3.77,5,2021-08-01T00:00:00Z,India,Provider B
91.210.3.78,1,2025-10-31T00:00:00Z,USA,Provider B
91.210.3.79,5,2019-04-22T00:00:00Z,India,Provider B
91.210.3.80,3,2025-10-30T00:00:00Z,USA,Provider B
91.210.3.81,1,2024-08-22T00:00:00Z,UK,Provider B
91.210.3.82,4,2019-12-02T00:00:00Z,USA,Provider B
91.210.3.83,3,2021-09-01T00:00:00Z,USA,Provider B
91.210.3.84,2,2024-10-20T00:00:00Z,UK,Provider B
91.210.3.85,2,2024-12-29T00:00:00Z,China,Provider B
91.210.3.86,1,2020-06-09T00:00:00Z,India,Provider B
91.210.3.87,5,2024-09-14T00:00:00Z,India,Provider B
91.210.3.88,2,2023-09-17T00:00:00Z,USA,Provider B
91.210.3.89,1,2022-06-16T00:00:00Z,India,Provider B
91.210.3.90,1,2021-01-13T00:00:00Z,China,Provider B
91.210.3.91,5,2021-04-11T00:00:00Z,USA,Provider B
91.210.3.92,4,2023-05-13T00:00:00Z,India,Provider B
91.210.3.93,1,2025-12-31T00:00:00Z,India,Provider B
91.210.3.94,5,2020-10-04T00:00:00Z,USA,Provider B
91.210.3.95,2,2019-06-07T00:00:00Z,India,Provider B
91.210.3.96,5,2025-12-23T00:00:00Z,UK,Provider B
91.210.3.97,1,2022-03-29T00:00:00Z,UK,Provider B
91.210.3.98,3,2021-11-11T00:00:00Z,USA,Provider B
91.210.3.99,2,2020-05-29T00:00:00Z,USA,Provider B
91.210.3.100,2,2021-05-31T00:00:00Z,UK,Provider B
91.210.3.101,2,2023-01-06T00:00:00Z,India,Provider B
91.210.3.102,3,2025-09-19T00:00:00Z,China,Provider B
91.210.3.103,5,2023-07-06T00:00:00Z,UK,Provider B
91.210.3.104,5,2024-12-31T00:00:00Z,UK,Provider B
91.210.3.105,3,2021-01-02T00:00:00Z,India,Provider B
91.210.3.106,3,2022-12-12T00:00:00Z,USA,Provider B
91.210.3.107,4,2020-03-23T00:00:00Z,UK,Provider B
91.210.3.108,2,2025-08-18T00:00:00Z,USA,Provider B
91.210.3.109,3,2025-01-17T00:00:00Z,USA,Provider B
91.210.3.110,5,2023-09-21T00:00:00Z,China,Provider B
91.210.3.111,1,2021-10-21T00:00:00Z,China,Provider B
91.210.3.112,1,2025-02-08T00:00:00Z,China,Provider B
91.210.3.113,5,2025-06-14T00:00:00Z,UK,Provider B
91.210.3.114,4,2024-03-23T00:00:00Z,China,Provider B
91.210.3.115,3,2019-10-06T00:00:00Z,China,Provider B
91.210.3.116,1,2024-01-12T00:00:00Z,China,Provider B
91.210.3.117,2,2019-10-24T00:00:00Z,China,Provider B
91.210.3.118,5,2022-01-06T00:00:00Z,China,Provider B
91.210.3.119,2,2021-02-06T00:00:00Z,China,Provider B
91.210.3.120,2,2022-08-11T00:00:00Z,USA,Provider B
91.210.3.121,1,2019-07-10T00:00:00Z,India,Provider B
91.210.3.122,5,2019-06-14T00:00:00Z,USA,Provider B
91.210.3.123,5,2023-04-23T00:00:00Z,India,Provider B
91.210.3.124,5,2024-10-27T00:00:00Z,India,Provider B
91.210.3.125,2,2023-06-21T00:00:00Z,UK,Provider B
91.210.3.126,1,2019-06-24T00:00:00Z,China,Provider B
91.210.3.127,2,2019-09-24T00:00:00Z,China,Provider B
91.210.3.128,1,2019-05-31T00:00:00Z,China,Provider B
91.210.3.129,3,2020-02-29T00:00:00Z,China,Provider B
91.210.3.130,4,2023-03-29T00:00:00Z,UK,Provider B
91.210.3.131,3,2020-10-06T00:00:00Z,UK,Provider B
91.210.3.132,3,2023-06-05T00:00:00Z,China,Provider B
91.210.3.133,1,2024-09-28T00:00:00Z,UK,Provider B
91.210.3.134,1,2024-01-08T00:00:00Z,USA,Provider B
91.210.3.135,1,2024-02-05T00:00:00Z,UK,Provider B
91.210.3.136,5,2022-04-17T00:00:00Z,UK,Provider B
91.210.3.137,4,2023-02-28T00:00:00Z,India,Provider B
91.210.3.138,1,2022-04-08T00:00:00Z,USA,Provider B
91.210.3.139,5,2019-01-03T00:00:00Z,China,Provider B
91.210.3.140,1,2019-06-26T00:00:00Z,India,Provider B
91.210.3.141,4,2019-12-18T00:00:00Z,UK,Provider B
91.210.3.142,2,2020-11-03T00:00:00Z,UK,Provider B
91.210.3.143,5,2021-10-10T00:00:00Z,UK,Provider B
91.210.3.144,2,2022-05-20T00:00:00Z,UK,Provider B
91.210.3.145,1,2021-09-24T00:00:00Z,China,Provider B
91.210.3.146,4,2020-12-05T00:00:00Z,China,Provider B
91.210.3.147,2,2025-07-22T00:00:00Z,India,Provider B
91.210.3.148,5,2021-03-20T00:00:00Z,India,Provider B
91.210.3.149,5,2022-09-04T00:00:00Z,China,Provider B
91.210.3.150,5,2020-11-22T00:00:00Z,UK,Provider B
91.210.3.151,4,2020-03-18T00:00:00Z,USA,Provider B
91.210.3.152,2,2022-07-24T00:00:00Z,China,Provider B
91.210.3.153,5,2023-05-13T00:00:00Z,China,Provider B
91.210.3.154,4,2025-05-18T00:00:00Z,UK,Provider B
91.210.3.155,4,2022-04-06T00:00:00Z,India,Provider B
91.210.3.156,2,2024-11-12T00:00:00Z,China,Provider B
91.210.3.157,2,2023-12-09T00:00:00Z,China,Provider B
91.210.3.158,2,2020-06-17T00:00:00Z,UK,Provider B
91.210.3.159,5,2020-05-02T00:00:00Z,USA,Provider B
91.210.3.160,4,2025-08-14T00:00:00Z,UK,Provider B
91.210.3.161,2,2022-06-24T00:00:00Z,India,Provider B
91.210.3.162,1,2021-10-04T00:00:00Z,China,Provider B
91.210.3.163,5,2021-02-26T00:00:00Z,UK,Provider B
91.210.3.164,2,2022-09-05T00:00:00Z,India,Provider B
91.210.3.165,4,2019-02-14T00:00:00Z,USA,Provider B
91.210.3.166,3,2022-03-29T00:00:00Z,UK,Provider B
91.210.3.167,4,2019-07-18T00:00:00Z,India,Provider B
91.210.3.168,1,2019-04-08T00:00:00Z,UK,Provider B
91.210.3.169,2,2024-02-03T00:00:00Z,China,Provider B
91.210.3.170,3,2024-04-24T00:00:00Z,India,Provider B
91.210.3.171,1,2020-09-01T00:00:00Z,China,Provider B
91.210.3.172,3,2025-12-13T00:00:00Z,China,Provider B
91.210.3.173,4,2022-08-03T00:00:00Z,USA,Provider B
91.210.3.174,1,2024-02-04T00:00:00Z,UK,Provider B
91.210.3.175,3,2023-01-02T00:00:00Z,India,Provider B
91.210.3.176,1,2019-02-27T00:00:00Z,UK,Provider B
91.210.3.177,5,2022-06-05T00:00:00Z,USA,Provider B
91.210.3.178,5,2024-12-08T00:00:00Z,China,Provider B
91.210.3.179,4,2023-08-06T00:00:00Z,China,Provider B
91.210.3.180,4,2023-09-15T00:00:00Z,UK,Provider B
91.210.3.181,2,2021-06-07T00:00:00Z,China,Provider B
91.210.3.182,5,2023-07-08T00:00:00Z,India,Provider B
91.210.3.183,2,2025-09-20T00:00:00Z,USA,Provider B
91.210.3.184,3,2024-04-18T00:00:00Z,UK,Provider B
91.210.3.185,5,2023-02-14T00:00:00Z,USA,Provider B
91.210.3.186,5,2021-07-08T00:00:00Z,China,Provider B
91.210.3.187,2,2024-10-11T00:00:00Z,USA,Provider B
91.210.3.188,5,2023-01-17T00:00:00Z,India,Provider B
91.210.3.189,4,2021-01-23T00:00:00Z,China,Provider B
91.210.3.190,1,2021-12-11T00:00:00Z,USA,Provider B
91.210.3.191,4,2020-09-05T00:00:00Z,USA,Provider B
91.210.3.192,3,2024-01-04T00:00:00Z,USA,Provider B
91.210.3.193,2,2024-01-28T00:00:00Z,China,Provider B
91.210.3.194,4,2021-05-25T00:00:00Z,USA,Provider B
91.210.3.195,1,2019-06-18T00:00:00Z,India,Provider B
91.210.3.196,4,2023-11-13T00:00:00Z,China,Provider B
91.210.3.197,4,2024-07-02T00:00:00Z,USA,Provider B
91.210.3.198,4,2023-11-30T00:00:00Z,UK,Provider B
91.210.3.199,4,2019-08-08T00:00:00Z,China,Provider B
91.210.3.200,3,2019-07-07T00:00:00Z,China,Provider B
91.210.3.201,4,2025-02-27T00:00:00Z,China,Provider B
91.210.3.202,2,2020-04-08T00:00:00Z,UK,Provider B
91.210.3.203,3,2025-07-31T00:00:00Z,India,Provider B
91.210.3.204,4,2024-12-03T00:00:00Z,China,Provider B
91.210.3.205,3,2019-06-09T00:00:00Z,UK,Provider B
91.210.3.206,2,2023-01-27T00:00:00Z,India,Provider B
91.210.3.207,1,2019-06-01T00:00:00Z,India,Provider B
91.210.3.208,4,2022-01-20T00:00:00Z,India,Provider B
91.210.3.209,3,2021-02-28T00:00:00Z,UK,Provider B
91.210.3.210,4,2020-01-05T00:00:00Z,USA,Provider B
91.210.3.211,4,2025-08-07T00:00:00Z,India,Provider B
91.210.3.212,5,2020-04-12T00:00:00Z,UK,Provider B
91.210.3.213,1,2020-12-23T00:00:00Z,UK,Provider B
91.210.3.214,1,2021-05-23T00:00:00Z,India,Provider B
91.210.3.215,2,2019-01-03T00:00:00Z,UK,Provider B
91.210.3.216,2,2021-07-30T00:00:00Z,India,Provider B
91.210.3.217,3,2023-04-03T00:00:00Z,China,Provider B
91.210.3.218,2,2020-04-21T00:00:00Z,China,Provider B
91.210.3.219,4,2023-04-08T00:00:00Z,China,Provider B
91.210.3.220,1,2022-08-27T00:00:00Z,UK,Provider B
91.210.3.221,2,2022-11-07T00:00:00Z,India,Provider B
91.210.3.222,5,2025-12-31T00:00:00Z,UK,Provider B
91.210.3.223,2,2020-07-12T00:00:00Z,India,Provider B
91.210.3.224,4,2023-01-24T00:00:00Z,UK,Provider B
91.210.3.225,3,2024-08-19T00:00:00Z,China,Provider B
91.210.3.226,5,2023-11-29T00:00:00Z,India,Provider B
91.210.3.227,2,2025-12-02T00:00:00Z,USA,Provider B
91.210.3.228,3,2020-01-14T00:00:00Z,USA,Provider B
91.210.3.229,4,2020-07-13T00:00:00Z,UK,Provider B
91.210.3.230,4,2020-04-07T00:00:00Z,UK,Provider B
91.210.3.231,4,2022-09-20T00:00:00Z,UK,Provider B
91.210.3.232,2,2020-04-17T00:00:00Z,UK,Provider B
91.210.3.233,1,2020-03-29T00:00:00Z,India,Provider B
91.210.3.234,1,2025-10-26T00:00:00Z,USA,Provider B
91.210.3.235,2,2024-09-28T00:00:00Z,USA,Provider B
